state,district,candidate,party,votes
alabama,cd01,Carl,gop,"210,636"
alabama,cd01,Averhart,dem,"115,592"
alabama,cd02,Moore,gop,"197,329"
alabama,cd02,Harvey-Hall,dem,"104,592"
alabama,cd03,Rogers*,gop,"216,700"
alabama,cd03,Winfrey,dem,"103,874"
alabama,cd04,Aderholt*,gop,"257,201"
alabama,cd04,Neighbors,dem,"52,688"
alabama,cd05,Brooks*,gop,0
alabama,cd06,Palmer*,gop,0
alabama,cd07,Sewell*,dem,0
alaska,cd00,Young*,gop,"159,428"
alaska,cd00,Galvin,dem,"118,765"
arizona,cd01,O'Halleran*,dem,"187,560"
arizona,cd01,Shedd,gop,"175,811"
arizona,cd02,Kirkpatrick*,dem,"206,948"
arizona,cd02,Martin,gop,"166,214"
arizona,cd03,Grijalva*,dem,"171,797"
arizona,cd03,Wood,gop,"94,265"
arizona,cd04,Gosar*,gop,"277,535"
arizona,cd04,DiSanto,dem,"120,316"
arizona,cd05,Biggs*,gop,"261,868"
arizona,cd05,Greene,dem,"182,812"
arizona,cd06,Schweikert*,gop,"217,390"
arizona,cd06,Tipirneni,dem,"199,228"
arizona,cd07,Gallego*,dem,"165,021"
arizona,cd07,Barnett,gop,"50,106"
arizona,cd08,Lesko*,gop,"251,209"
arizona,cd08,Muscato,dem,"170,484"
arizona,cd09,Stanton*,dem,"216,545"
arizona,cd09,Giles,gop,"134,870"
arkansas,cd01,Crawford*,gop,0
arkansas,cd02,Hill*,gop,"182,248"
arkansas,cd02,Elliott,dem,"145,255"
arkansas,cd03,Womack*,gop,"213,944"
arkansas,cd03,Williams,dem,"105,329"
arkansas,cd04,Westerman*,gop,"189,901"
arkansas,cd04,Hanson,dem,"74,777"
california,cd01,LaMalfa*,gop,"190,731"
california,cd01,Denney,dem,"145,100"
california,cd02,Huffman*,dem,"244,315"
california,cd02,Mensing,gop,"67,823"
california,cd03,Garamendi*,dem,"153,847"
california,cd03,Hamilton,gop,"127,254"
california,cd04,McClintock*,gop,"235,033"
california,cd04,Kennedy,dem,"186,229"
california,cd05,Thompson*,dem,"232,538"
california,cd05,Giblin,gop,"67,209"
california,cd06,Matsui*,dem,"171,680"
california,cd06,Bish,gop,"58,260"
california,cd07,Bera*,dem,"171,308"
california,cd07,Patterson,gop,"121,431"
california,cd08,Obernolte,gop,"130,587"
california,cd08,Bubser,dem,"103,512"
california,cd09,McNerney*,dem,"138,758"
california,cd09,Amador,gop,"95,914"
california,cd10,Harder*,dem,"144,702"
california,cd10,Howze,gop,"113,383"
california,cd11,DeSaulnier*,dem,"266,074"
california,cd11,Sharma,gop,"97,913"
california,cd12,Pelosi*,dem,"280,133"
california,cd12,Buttar,dem,"80,495"
california,cd13,Lee*,dem,"318,973"
california,cd13,Piterman,gop,"33,642"
california,cd14,Speier*,dem,"268,594"
california,cd14,Petel,gop,"70,009"
california,cd15,Swalwell*,dem,"238,322"
california,cd15,Hayden,gop,"96,920"
california,cd16,Costa*,dem,"121,592"
california,cd16,Cookingham,gop,"82,596"
california,cd17,Khanna*,dem,"203,934"
california,cd17,Tandon,gop,"81,851"
california,cd18,Eshoo*,dem,"208,750"
california,cd18,Kumar,dem,"121,397"
california,cd19,Lofgren*,dem,"212,908"
california,cd19,Aguilera,gop,"83,786"
california,cd20,Panetta*,dem,"228,981"
california,cd20,Gorman,gop,"68,425"
california,cd21,Valadao,gop,"72,350"
california,cd21,Cox*,dem,"68,324"
california,cd22,Nunes*,gop,"167,316"
california,cd22,Arballo,dem,"141,220"
california,cd23,McCarthy*,gop,"124,925"
california,cd23,Mangone,dem,"85,158"
california,cd24,Carbajal*,dem,"206,265"
california,cd24,Caldwell,gop,"144,402"
california,cd25,Garcia*,gop,"165,178"
california,cd25,Smith,dem,"165,019"
california,cd26,Brownley*,dem,"206,510"
california,cd26,Baldwin-Kennedy,gop,"134,000"
california,cd27,Chu*,dem,"215,719"
california,cd27,Nalbandian,gop,"92,335"
california,cd28,Schiff*,dem,"238,759"
california,cd28,Early,gop,"88,923"
california,cd29,Cardenas*,dem,"116,314"
california,cd29,Duenas,dem,"88,641"
california,cd30,Sherman*,dem,"235,232"
california,cd30,Reed,gop,"102,228"
california,cd31,Aguilar*,dem,"144,558"
california,cd31,Gibboney,gop,"89,934"
california,cd32,Napolitano*,dem,"168,373"
california,cd32,Scott,gop,"84,574"
california,cd33,Lieu*,dem,"251,944"
california,cd33,Bradley,gop,"120,136"
california,cd34,Gomez*,dem,"105,758"
california,cd34,Kim,dem,"93,501"
california,cd35,Torres*,dem,"134,349"
california,cd35,Cargile,gop,"59,948"
california,cd36,Ruiz*,dem,"132,290"
california,cd36,Cruz,gop,"85,366"
california,cd37,Bass*,dem,"248,958"
california,cd37,Webber,gop,"40,146"
california,cd38,Sanchez*,dem,"185,609"
california,cd38,Tolar,dem,"64,034"
california,cd39,Kim,gop,"168,858"
california,cd39,Cisneros*,dem,"164,813"
california,cd40,Roybal-Allard*,dem,"131,665"
california,cd40,Delgado,gop,"48,839"
california,cd41,Takano*,dem,"120,995"
california,cd41,Smith,gop,"68,207"
california,cd42,Calvert*,gop,"153,765"
california,cd42,O'Mara,dem,"118,487"
california,cd43,Waters*,dem,"194,194"
california,cd43,Collins,gop,"76,507"
california,cd44,Barragan*,dem,"136,209"
california,cd44,Joya,dem,"63,877"
california,cd45,Porter*,dem,"219,434"
california,cd45,Raths,gop,"190,996"
california,cd46,Correa*,dem,"155,498"
california,cd46,Waters,gop,"70,450"
california,cd47,Lowenthal*,dem,"193,158"
california,cd47,Briscoe,gop,"111,830"
california,cd48,Steel,gop,"199,760"
california,cd48,Rouda*,dem,"192,012"
california,cd49,Levin*,dem,"202,988"
california,cd49,Maryott,gop,"178,737"
california,cd50,Issa,gop,"188,747"
california,cd50,Campa-Najjar,dem,"160,785"
california,cd51,Vargas*,dem,"155,457"
california,cd51,Hidalgo,gop,"70,166"
california,cd52,Peters*,dem,"242,002"
california,cd52,DeBello,gop,"150,910"
california,cd53,Jacobs,dem,"197,351"
california,cd53,Gomez,dem,"134,205"
colorado,cd01,DeGette*,dem,"305,804"
colorado,cd01,Bolling,gop,"94,939"
colorado,cd02,Neguse*,dem,"309,226"
colorado,cd02,Winn,gop,"179,428"
colorado,cd03,Boebert,gop,"215,279"
colorado,cd03,Mitsch Bush,dem,"190,695"
colorado,cd04,Buck*,gop,"282,265"
colorado,cd04,McCorkle,dem,"171,385"
colorado,cd05,Lamborn*,gop,"246,828"
colorado,cd05,Freeland,dem,"159,930"
colorado,cd06,Crow*,dem,"248,549"
colorado,cd06,House,gop,"174,088"
colorado,cd07,Perlmutter*,dem,"249,754"
colorado,cd07,Stockham,gop,"158,801"
connecticut,cd01,Larson*,dem,"222,643"
connecticut,cd01,Fay,gop,"122,107"
connecticut,cd02,Courtney*,dem,"218,012"
connecticut,cd02,Anderson,gop,"140,314"
connecticut,cd03,DeLauro*,dem,"203,001"
connecticut,cd03,Streicker,gop,"137,662"
connecticut,cd04,Himes*,dem,"224,878"
connecticut,cd04,Riddle,gop,"130,622"
connecticut,cd05,Hayes*,dem,"192,484"
connecticut,cd05,Sullivan,gop,"151,987"
delaware,cd00,Rochester*,dem,"280,612"
delaware,cd00,Murphy,gop,"195,708"
florida,cd01,Gaetz*,gop,"282,980"
florida,cd01,Ehr,dem,"148,948"
florida,cd02,Dunn*,gop,0
florida,cd03,Cammack,gop,"222,873"
florida,cd03,Christensen,dem,"167,050"
florida,cd04,Rutherford*,gop,"307,779"
florida,cd04,Deegan,dem,"195,652"
florida,cd05,Lawson*,dem,"218,483"
florida,cd05,Adler,gop,"117,199"
florida,cd06,Waltz*,gop,"265,041"
florida,cd06,Curtis,dem,"172,064"
florida,cd07,Murphy*,dem,"224,561"
florida,cd07,Valentin,gop,"175,526"
florida,cd08,Posey*,gop,"281,869"
florida,cd08,Kennedy,dem,"177,531"
florida,cd09,Soto*,dem,"240,285"
florida,cd09,Olson,gop,"188,622"
florida,cd10,Demings*,dem,"239,238"
florida,cd10,Francois,gop,"136,790"
florida,cd11,Webster*,gop,"316,655"
florida,cd11,Cottrell,dem,"157,860"
florida,cd12,Bilirakis*,gop,"284,680"
florida,cd12,Walker,dem,"167,989"
florida,cd13,Crist*,dem,"215,179"
florida,cd13,Luna,gop,"190,547"
florida,cd14,Castor*,dem,"223,227"
florida,cd14,Quinn,gop,"147,276"
florida,cd15,Franklin,gop,"215,839"
florida,cd15,Cohn,dem,"173,700"
florida,cd16,Buchanan*,gop,"268,129"
florida,cd16,Good,dem,"214,697"
florida,cd17,Steube*,gop,"266,180"
florida,cd17,Ellison,dem,"140,268"
florida,cd18,Mast*,gop,"252,674"
florida,cd18,Keith,dem,"185,949"
florida,cd19,Donalds,gop,"271,296"
florida,cd19,Banyai,dem,"171,420"
florida,cd20,Hastings*,dem,"252,724"
florida,cd20,Musselwhite,gop,"68,486"
florida,cd21,Frankel*,dem,"235,854"
florida,cd21,Loomer,gop,"156,670"
florida,cd22,Deutch*,dem,"235,034"
florida,cd22,Pruden,gop,"166,117"
florida,cd23,Wasserman Schultz*,dem,"220,856"
florida,cd23,Spalding,gop,"158,631"
florida,cd24,Wilson*,dem,"218,655"
florida,cd24,Spicer,gop,"59,016"
florida,cd25,Diaz-Balart*,gop,0
florida,cd26,Gimenez,gop,"177,141"
florida,cd26,Mucarsel-Powell*,dem,"165,301"
florida,cd27,Salazar,gop,"175,984"
florida,cd27,Shalala*,dem,"166,568"
georgia,cd01,Carter*,gop,"189,567"
georgia,cd01,Griggs,dem,"135,335"
georgia,cd02,Bishop*,dem,"161,398"
georgia,cd02,Cole,gop,"111,615"
georgia,cd03,Ferguson*,gop,"240,132"
georgia,cd03,Almonord,dem,"129,049"
georgia,cd04,Johnson*,dem,"278,813"
georgia,cd04,Ezammudeen,gop,"69,384"
georgia,cd05,Williams,dem,"301,784"
georgia,cd05,Stanton-King,gop,"52,639"
georgia,cd06,McBath*,dem,"216,749"
georgia,cd06,Handel,gop,"180,293"
georgia,cd07,Bourdeaux,dem,"190,900"
georgia,cd07,McCormick,gop,"180,564"
georgia,cd08,Scott*,gop,"198,701"
georgia,cd08,Holliday,dem,"109,264"
georgia,cd09,Clyde,gop,"292,683"
georgia,cd09,Pandy,dem,"79,730"
georgia,cd10,Hice*,gop,"235,564"
georgia,cd10,Johnson-Green,dem,"142,564"
georgia,cd11,Loudermilk*,gop,"245,258"
georgia,cd11,Barrett,dem,"160,623"
georgia,cd12,Allen*,gop,"181,039"
georgia,cd12,Johnson,dem,"129,061"
georgia,cd13,Scott*,dem,"278,549"
georgia,cd13,Hites,gop,"81,154"
georgia,cd14,Greene,gop,"227,927"
georgia,cd14,Van Ausdal,dem,"76,872"
hawaii,cd01,Case*,dem,"183,053"
hawaii,cd01,Curtis,gop,"71,094"
hawaii,cd02,Kahele,dem,"171,398"
hawaii,cd02,Akana,gop,"83,928"
idaho,cd01,Fulcher*,gop,"310,737"
idaho,cd01,Soto,dem,"131,268"
idaho,cd02,Simpson*,gop,"250,678"
idaho,cd02,Swisher,dem,"124,151"
illinois,cd01,Rush*,dem,"209,719"
illinois,cd01,White,gop,"78,003"
illinois,cd02,Kelly*,dem,"208,664"
illinois,cd02,Raborn,gop,"60,231"
illinois,cd03,Newman,dem,"143,728"
illinois,cd03,Fricilone,gop,"120,168"
illinois,cd04,Garcia*,dem,"158,437"
illinois,cd04,Solorio,gop,"31,660"
illinois,cd05,Quigley*,dem,"204,563"
illinois,cd05,Hanson,gop,"84,930"
illinois,cd06,Casten*,dem,"195,266"
illinois,cd06,Ives,gop,"172,902"
illinois,cd07,Davis*,dem,"207,763"
illinois,cd07,Cameron,gop,"34,013"
illinois,cd08,Krishnamoorthi*,dem,"161,630"
illinois,cd09,J. Schakowsky*,dem,"199,971"
illinois,cd09,S. Sangari,gop,"90,332"
illinois,cd10,Schneider*,dem,"146,919"
illinois,cd10,Ramirez Mukherjee,gop,"94,427"
illinois,cd11,Foster*,dem,"186,180"
illinois,cd11,Laib,gop,"109,025"
illinois,cd12,Bost*,gop,"191,251"
illinois,cd12,Lenzi,dem,"124,545"
illinois,cd13,Davis*,gop,"176,144"
illinois,cd13,Dirksen Londrigan,dem,"147,012"
illinois,cd14,Underwood*,dem,"200,037"
illinois,cd14,Oberweis,gop,"195,749"
illinois,cd15,Miller,gop,"242,460"
illinois,cd15,Weaver,dem,"87,252"
illinois,cd16,Kinzinger*,gop,"214,257"
illinois,cd16,Brzozowski,dem,"115,067"
illinois,cd17,Bustos*,dem,"154,147"
illinois,cd17,King,gop,"142,621"
illinois,cd18,LaHood*,gop,"258,047"
illinois,cd18,Petrilli,dem,"107,937"
indiana,cd01,Mrvan,dem,"184,906"
indiana,cd01,Leyva,gop,"132,106"
indiana,cd02,Walorski*,gop,"182,803"
indiana,cd02,Hackett,dem,"114,298"
indiana,cd03,Banks*,gop,"220,757"
indiana,cd03,Coldiron,dem,"104,504"
indiana,cd04,Baird*,gop,"223,968"
indiana,cd04,Mackey,dem,"112,374"
indiana,cd05,Spartz,gop,"208,085"
indiana,cd05,Hale,dem,"191,004"
indiana,cd06,Pence*,gop,"224,322"
indiana,cd06,Lake,dem,"90,732"
indiana,cd07,Carson*,dem,"176,057"
indiana,cd07,Smith,gop,"105,966"
indiana,cd08,Bucshon*,gop,"214,587"
indiana,cd08,Marsili,dem,"95,627"
indiana,cd09,Hollingsworth*,gop,"218,504"
indiana,cd09,Ruff,dem,"124,772"
iowa,cd01,Hinson,gop,"211,767"
iowa,cd01,Finkenauer*,dem,"200,964"
iowa,cd02,Miller-Meeks,gop,"196,852"
iowa,cd02,Hart,dem,"196,812"
iowa,cd03,Axne*,dem,"219,198"
iowa,cd03,Young,gop,"212,988"
iowa,cd04,Feenstra,gop,"237,114"
iowa,cd04,Scholten,dem,"144,505"
kansas,cd01,Mann,gop,"203,812"
kansas,cd01,Barnett,dem,"81,506"
kansas,cd02,LaTurner,gop,"182,145"
kansas,cd02,De La Isla,dem,"133,354"
kansas,cd03,Davids*,dem,"212,604"
kansas,cd03,Adkins,gop,"174,163"
kansas,cd04,Estes*,gop,"197,433"
kansas,cd04,Lombard,dem,"110,922"
kentucky,cd01,Comer*,gop,"246,308"
kentucky,cd01,Rhodes,dem,"82,122"
kentucky,cd02,Guthrie*,gop,"255,728"
kentucky,cd02,Linderman,dem,"94,638"
kentucky,cd03,Yarmuth*,dem,"230,603"
kentucky,cd03,Palazzo,gop,"137,396"
kentucky,cd04,Massie*,gop,"256,599"
kentucky,cd04,Owensby,dem,"125,881"
kentucky,cd05,Rogers*,gop,"250,660"
kentucky,cd05,Best,dem,"46,993"
kentucky,cd06,Barr*,gop,"216,927"
kentucky,cd06,Hicks,dem,"154,973"
louisiana,cd01,Scalise*,gop,"270,287"
louisiana,cd01,Dugas,dem,"94,713"
louisiana,cd02,Richmond*,dem,"201,579"
louisiana,cd02,Schilling,gop,"47,564"
louisiana,cd02,G. Harris,dem,"33,651"
louisiana,cd02,Vincent,gop,"15,560"
louisiana,cd03,C. Higgins*,gop,"230,473"
louisiana,cd03,B. Harris,dem,"60,851"
louisiana,cd03,Anderson,dem,"39,423"
louisiana,cd04,Johnson*,gop,"185,174"
louisiana,cd04,Houston,dem,"78,063"
louisiana,cd04,Trundle,dem,"23,791"
louisiana,cd04,Gibson,gop,"19,320"
louisiana,cd05,Letlow,gop,"102,516"
louisiana,cd05,L. Harris,gop,"51,229"
louisiana,cd05,Christophe,dem,"50,773"
louisiana,cd05,Lemelle,dem,"32,168"
louisiana,cd06,Graves*,gop,"265,684"
louisiana,cd06,Williams,dem,"95,531"
maine,cd01,Pingree*,dem,"262,785"
maine,cd01,Allen,gop,"164,486"
maine,cd02,Golden*,dem,"194,960"
maine,cd02,Crafts,gop,"173,876"
maryland,cd01,Harris*,gop,"236,902"
maryland,cd01,Mason,dem,"129,521"
maryland,cd02,Ruppersberger*,dem,"184,926"
maryland,cd02,Salling,gop,"94,974"
maryland,cd03,Sarbanes*,dem,"224,259"
maryland,cd03,Anthony,gop,"100,476"
maryland,cd04,Brown*,dem,"260,803"
maryland,cd04,McDermott,gop,"66,421"
maryland,cd05,Hoyer*,dem,"256,516"
maryland,cd05,Palombi,gop,"118,680"
maryland,cd06,Trone*,dem,"175,074"
maryland,cd06,Parrott,gop,"130,195"
maryland,cd07,Mfume*,dem,"213,156"
maryland,cd07,Klacik,gop,"83,752"
maryland,cd08,Raskin*,dem,"218,375"
maryland,cd08,Coll,gop,"113,994"
massachusetts,cd01,Neal*,dem,0
massachusetts,cd02,McGovern*,dem,"246,005"
massachusetts,cd02,Lovvorn,gop,"130,405"
massachusetts,cd03,Trahan*,dem,0
massachusetts,cd04,Auchincloss,dem,"244,275"
massachusetts,cd04,Hall,gop,"157,029"
massachusetts,cd05,Clark*,dem,"284,732"
massachusetts,cd05,Colarusso,gop,"99,767"
massachusetts,cd06,Moulton*,dem,"280,969"
massachusetts,cd06,Moran,gop,"148,600"
massachusetts,cd07,Pressley*,dem,"251,571"
massachusetts,cd08,Lynch*,dem,"301,676"
massachusetts,cd09,Keating*,dem,"259,129"
massachusetts,cd09,Brady,gop,"149,871"
michigan,cd01,Bergman*,gop,"255,294"
michigan,cd01,Ferguson,dem,"154,437"
michigan,cd02,Huizenga*,gop,"237,447"
michigan,cd02,Berghoef,dem,"153,461"
michigan,cd03,Meijer,gop,"213,147"
michigan,cd03,Scholten,dem,"188,654"
michigan,cd04,Moolenaar*,gop,"242,630"
michigan,cd04,Hilliard,dem,"120,815"
michigan,cd05,Kildee*,dem,"192,917"
michigan,cd05,Kelly,gop,"149,124"
michigan,cd06,Upton*,gop,"211,473"
michigan,cd06,Hoadley,dem,"152,092"
michigan,cd07,Walberg*,gop,"227,514"
michigan,cd07,Driskell,dem,"159,746"
michigan,cd08,Slotkin*,dem,"217,928"
michigan,cd08,Junge,gop,"202,517"
michigan,cd09,Levin*,dem,"231,829"
michigan,cd09,Langworthy,gop,"153,677"
michigan,cd10,McClain,gop,"271,417"
michigan,cd10,Bizon,dem,"138,156"
michigan,cd11,Stevens*,dem,"226,076"
michigan,cd11,Esshaki,gop,"215,362"
michigan,cd12,Dingell*,dem,"254,988"
michigan,cd12,Jones,gop,"117,730"
michigan,cd13,Tlaib*,dem,"220,307"
michigan,cd13,Dudenhoefer,gop,"53,169"
michigan,cd14,Lawrence*,dem,"264,205"
michigan,cd14,Patrick,gop,"62,486"
minnesota,cd01,Hagedorn*,gop,"179,222"
minnesota,cd01,Feehan,dem,"167,884"
minnesota,cd02,Craig*,dem,"204,031"
minnesota,cd02,Kistner,gop,"194,466"
minnesota,cd03,Phillips*,dem,"246,658"
minnesota,cd03,Qualls,gop,"196,617"
minnesota,cd04,McCollum*,dem,"245,639"
minnesota,cd04,Rechtzigel,gop,"112,671"
minnesota,cd05,Omar*,dem,"255,920"
minnesota,cd05,L. Johnson,gop,"102,878"
minnesota,cd06,Emmer*,gop,"272,965"
minnesota,cd06,Zahradka,dem,"142,966"
minnesota,cd07,Fischbach,gop,"194,057"
minnesota,cd07,Peterson*,dem,"144,830"
minnesota,cd08,Stauber*,gop,"223,321"
minnesota,cd08,Nystrom,dem,"147,851"
mississippi,cd01,Kelly*,gop,"201,750"
mississippi,cd01,Eliason,dem,"85,239"
mississippi,cd02,Thompson*,dem,"157,075"
mississippi,cd02,Flowers,gop,"88,178"
mississippi,cd03,Guest*,gop,"190,489"
mississippi,cd03,Benford,dem,"101,124"
mississippi,cd04,Palazzo*,gop,0
missouri,cd01,Bush,dem,"245,520"
missouri,cd01,Rogers,gop,"59,156"
missouri,cd02,Wagner*,gop,"230,617"
missouri,cd02,Schupp,dem,"201,520"
missouri,cd03,Luetkemeyer*,gop,"282,424"
missouri,cd03,Rezabek,dem,"115,909"
missouri,cd04,Hartzler*,gop,"245,064"
missouri,cd04,Simmons,dem,"107,528"
missouri,cd05,Cleaver*,dem,"204,631"
missouri,cd05,Derks,gop,"135,396"
missouri,cd06,Graves*,gop,"258,895"
missouri,cd06,Ross,dem,"118,753"
missouri,cd07,Long*,gop,"251,757"
missouri,cd07,Montseny,dem,"96,501"
missouri,cd08,Smith*,gop,"253,646"
missouri,cd08,Ellis,dem,"70,504"
montana,cd00,Rosendale,gop,"337,381"
montana,cd00,Williams,dem,"261,168"
nebraska,cd01,Fortenberry*,gop,"186,096"
nebraska,cd01,Bolz,dem,"117,590"
nebraska,cd02,Bacon*,gop,"168,318"
nebraska,cd02,Eastman,dem,"152,162"
nebraska,cd03,Smith*,gop,"224,077"
nebraska,cd03,Elworth,dem,"50,227"
nevada,cd01,Titus*,dem,"128,987"
nevada,cd01,Bentley,gop,"68,741"
nevada,cd02,Amodei*,gop,"211,756"
nevada,cd02,Ackerman,dem,"153,156"
nevada,cd03,Lee*,dem,"194,449"
nevada,cd03,Rodimer,gop,"179,408"
nevada,cd04,Horsford*,dem,"160,294"
nevada,cd04,Marchant,gop,"144,514"
new-hampshire,cd01,Pappas*,dem,"205,317"
new-hampshire,cd01,Mowers,gop,"184,688"
new-hampshire,cd02,McLane Kuster*,dem,"207,801"
new-hampshire,cd02,Negron,gop,"168,534"
new-jersey,cd01,Norcross*,dem,"223,663"
new-jersey,cd01,Gustafson,gop,"134,942"
new-jersey,cd02,Van Drew*,gop,"186,974"
new-jersey,cd02,Kennedy,dem,"164,327"
new-jersey,cd03,Kim*,dem,"215,427"
new-jersey,cd03,Richter,gop,"183,530"
new-jersey,cd04,C. Smith*,gop,"239,412"
new-jersey,cd04,S. Schmid,dem,"153,579"
new-jersey,cd05,Gottheimer*,dem,"209,590"
new-jersey,cd05,Pallotta,gop,"177,982"
new-jersey,cd06,Pallone*,dem,"170,739"
new-jersey,cd06,Onuoha,gop,"108,121"
new-jersey,cd07,Malinowski*,dem,"194,289"
new-jersey,cd07,Kean Jr.,gop,"182,611"
new-jersey,cd08,Sires*,dem,"149,047"
new-jersey,cd08,Mushnick,gop,"46,408"
new-jersey,cd09,Pascrell*,dem,"175,233"
new-jersey,cd09,Prempeh,gop,"84,460"
new-jersey,cd10,Payne Jr.*,dem,"204,131"
new-jersey,cd10,Zinone,gop,"31,951"
new-jersey,cd11,Sherrill*,dem,"197,369"
new-jersey,cd11,Becchi,gop,"162,085"
new-jersey,cd12,Watson Coleman*,dem,"197,334"
new-jersey,cd12,Razzoli,gop,"91,293"
new-mexico,cd01,Haaland*,dem,"185,264"
new-mexico,cd01,Garcia Holmes,gop,"133,746"
new-mexico,cd02,Herrell,gop,"141,814"
new-mexico,cd02,Small*,dem,"121,862"
new-mexico,cd03,Leger Fernandez,dem,"184,015"
new-mexico,cd03,Johnson,gop,"130,333"
new-york,cd01,Zeldin*,gop,"176,323"
new-york,cd01,Goroff,dem,"111,203"
new-york,cd02,Garbarino,gop,"157,482"
new-york,cd02,Gordon,dem,"112,584"
new-york,cd03,Santos,gop,"137,936"
new-york,cd03,Suozzi*,dem,"133,765"
new-york,cd04,Rice*,dem,"147,580"
new-york,cd04,Tuman,gop,"134,243"
new-york,cd05,Meeks*,dem,0
new-york,cd06,Meng*,dem,"106,131"
new-york,cd06,Zmich,gop,"63,324"
new-york,cd07,Velazquez*,dem,"142,815"
new-york,cd07,Kelly,gop,"27,907"
new-york,cd08,Jeffries*,dem,"175,140"
new-york,cd08,Wallace,gop,"36,873"
new-york,cd09,Clarke*,dem,"170,898"
new-york,cd09,Jean-Pierre,gop,"36,847"
new-york,cd10,Nadler*,dem,"120,273"
new-york,cd10,Bernstein,gop,"52,842"
new-york,cd11,Malliotakis,gop,"136,382"
new-york,cd11,Rose*,dem,"99,224"
new-york,cd12,Maloney*,dem,"153,815"
new-york,cd12,Santiago-Cano,gop,"37,973"
new-york,cd13,Espaillat*,dem,"179,589"
new-york,cd13,Gwinn,gop,"16,787"
new-york,cd14,Ocasio-Cortez*,dem,"105,455"
new-york,cd14,Cummings,gop,"46,877"
new-york,cd15,Torres,dem,"136,471"
new-york,cd15,Delices,gop,"18,198"
new-york,cd16,Bowman,dem,"161,730"
new-york,cd17,Jones,dem,"136,185"
new-york,cd17,McArdle Schulman,gop,"100,237"
new-york,cd18,Maloney*,dem,"135,819"
new-york,cd18,Farley,gop,"127,923"
new-york,cd19,Delgado*,dem,"143,786"
new-york,cd19,Van De Water,gop,"135,250"
new-york,cd20,Tonko*,dem,"165,111"
new-york,cd20,Joy,gop,"127,553"
new-york,cd21,Stefanik*,gop,"168,987"
new-york,cd21,Cobb,dem,"93,805"
new-york,cd22,Tenney,gop,"140,021"
new-york,cd22,Brindisi*,dem,"111,627"
new-york,cd23,Reed*,gop,"166,078"
new-york,cd23,Mitrano,dem,"98,580"
new-york,cd24,Katko*,gop,"155,830"
new-york,cd24,Balter,dem,"100,728"
new-york,cd25,Morelle*,dem,"133,500"
new-york,cd25,Mitris,gop,"113,557"
new-york,cd26,Higgins*,dem,"170,259"
new-york,cd26,Donovan,gop,"82,301"
new-york,cd27,Jacobs*,gop,"205,674"
new-york,cd27,McMurray,dem,"110,019"
north-carolina,cd01,Butterfield*,dem,"187,450"
north-carolina,cd01,Smith,gop,"158,830"
north-carolina,cd02,Ross,dem,"310,979"
north-carolina,cd02,Swain,gop,"172,019"
north-carolina,cd03,Murphy*,gop,"227,634"
north-carolina,cd03,Farrow,dem,"131,146"
north-carolina,cd04,Price*,dem,"329,679"
north-carolina,cd04,Thomas,gop,"160,006"
north-carolina,cd05,Foxx*,gop,"255,843"
north-carolina,cd05,Brown,dem,"118,579"
north-carolina,cd06,Manning,dem,"251,082"
north-carolina,cd06,Haywood,gop,"152,195"
north-carolina,cd07,Rouzer*,gop,"270,053"
north-carolina,cd07,Ward,dem,"176,817"
north-carolina,cd08,Hudson*,gop,"201,781"
north-carolina,cd08,Timmons-Goodson,dem,"176,839"
north-carolina,cd09,Bishop*,gop,"222,327"
north-carolina,cd09,Wallace,dem,"177,959"
north-carolina,cd10,McHenry*,gop,"281,953"
north-carolina,cd10,Parker,dem,"126,881"
north-carolina,cd11,Cawthorn,gop,"244,219"
north-carolina,cd11,Davis,dem,"190,005"
north-carolina,cd12,Adams*,dem,0
north-carolina,cd13,Budd*,gop,"263,756"
north-carolina,cd13,Huffman,dem,"122,931"
north-dakota,cd00,Armstrong*,gop,"245,229"
north-dakota,cd00,Raknerud,dem,"97,970"
ohio,cd01,Chabot*,gop,"193,637"
ohio,cd01,Schroder,dem,"166,061"
ohio,cd02,Wenstrup*,gop,"225,271"
ohio,cd02,Castle,dem,"143,436"
ohio,cd03,Beatty*,dem,"217,332"
ohio,cd03,Richardson,gop,"90,474"
ohio,cd04,Jordan*,gop,"230,384"
ohio,cd04,Freshour,dem,"99,663"
ohio,cd05,Latta*,gop,"251,713"
ohio,cd05,Rubando,dem,"118,245"
ohio,cd06,Johnson*,gop,"243,540"
ohio,cd06,Roberts,dem,"84,237"
ohio,cd07,Gibbs*,gop,"231,246"
ohio,cd07,Potter,dem,"100,027"
ohio,cd08,Davidson*,gop,"241,503"
ohio,cd08,Enoch,dem,"108,244"
ohio,cd09,Kaptur*,dem,"184,367"
ohio,cd09,Weber,gop,"108,085"
ohio,cd10,Turner*,gop,"208,347"
ohio,cd10,Tims,dem,"147,985"
ohio,cd11,Fudge*,dem,"233,126"
ohio,cd11,Gore,gop,"58,139"
ohio,cd12,Balderson*,gop,"236,181"
ohio,cd12,Shearer,dem,"178,432"
ohio,cd13,Ryan*,dem,"169,487"
ohio,cd13,Hagan,gop,"145,275"
ohio,cd14,Joyce*,gop,"233,828"
ohio,cd14,O'Connor Mueri,dem,"155,515"
ohio,cd15,Stivers*,gop,"236,473"
ohio,cd15,Newby,dem,"136,286"
ohio,cd16,Gonzalez*,gop,"241,656"
ohio,cd16,Godfrey,dem,"141,212"
oklahoma,cd01,Hern*,gop,"213,251"
oklahoma,cd01,Asamoa-Caesar,dem,"109,455"
oklahoma,cd02,Mullin*,gop,"216,234"
oklahoma,cd02,Lanier,dem,"63,403"
oklahoma,cd03,Lucas*,gop,"242,392"
oklahoma,cd03,Midyett,dem,"66,430"
oklahoma,cd04,Cole*,gop,"212,830"
oklahoma,cd04,Brannon,dem,"90,350"
oklahoma,cd05,Bice,gop,"158,044"
oklahoma,cd05,Horn*,dem,"145,541"
oregon,cd01,Bonamici*,dem,"290,175"
oregon,cd01,Christensen,gop,"157,954"
oregon,cd02,Bentz,gop,"269,668"
oregon,cd02,Spenser,dem,"165,274"
oregon,cd03,Blumenauer*,dem,"336,557"
oregon,cd03,Harbour,gop,"104,796"
oregon,cd04,DeFazio*,dem,"236,973"
oregon,cd04,Skarlatos,gop,"212,544"
oregon,cd05,Schrader*,dem,"223,982"
oregon,cd05,Ryan Courser,gop,"192,511"
pennsylvania,cd01,Fitzpatrick*,gop,"245,704"
pennsylvania,cd01,Finello,dem,"188,137"
pennsylvania,cd02,Boyle*,dem,"190,033"
pennsylvania,cd02,Torres,gop,"72,937"
pennsylvania,cd03,Evans*,dem,"327,558"
pennsylvania,cd03,Harvey,gop,"32,764"
pennsylvania,cd04,Dean*,dem,"259,877"
pennsylvania,cd04,Barnette,gop,"177,606"
pennsylvania,cd05,Scanlon*,dem,"251,168"
pennsylvania,cd05,Pruett,gop,"138,471"
pennsylvania,cd06,Houlahan*,dem,"221,789"
pennsylvania,cd06,Emmons,gop,"174,473"
pennsylvania,cd07,Wild*,dem,"192,442"
pennsylvania,cd07,Scheller,gop,"178,683"
pennsylvania,cd08,Cartwright*,dem,"176,657"
pennsylvania,cd08,Bognet,gop,"164,877"
pennsylvania,cd09,Meuser*,gop,"229,147"
pennsylvania,cd09,Wegman,dem,"116,101"
pennsylvania,cd10,Perry*,gop,"204,983"
pennsylvania,cd10,DePasquale,dem,"178,996"
pennsylvania,cd11,Smucker*,gop,"239,985"
pennsylvania,cd11,Hammond,dem,"139,930"
pennsylvania,cd12,Keller*,gop,"240,551"
pennsylvania,cd12,Griffin,dem,"98,939"
pennsylvania,cd13,Joyce*,gop,"266,556"
pennsylvania,cd13,Rowley,dem,"96,201"
pennsylvania,cd14,Reschenthaler*,gop,"238,361"
pennsylvania,cd14,Marx,dem,"129,721"
pennsylvania,cd15,Thompson*,gop,"253,686"
pennsylvania,cd15,Williams,dem,"91,626"
pennsylvania,cd16,Kelly*,gop,"207,472"
pennsylvania,cd16,Gnibus,dem,"142,232"
pennsylvania,cd17,Lamb*,dem,"218,185"
pennsylvania,cd17,Parnell,gop,"208,074"
pennsylvania,cd18,Doyle*,dem,"259,688"
pennsylvania,cd18,Negron,gop,"115,350"
rhode-island,cd01,Cicilline*,dem,"154,811"
rhode-island,cd02,Langevin*,dem,"150,776"
rhode-island,cd02,Lancia,gop,"108,701"
south-carolina,cd01,Mace,gop,"215,811"
south-carolina,cd01,Cunningham*,dem,"210,443"
south-carolina,cd02,Wilson*,gop,"202,715"
south-carolina,cd02,Boroughs,dem,"155,118"
south-carolina,cd03,Duncan*,gop,"237,544"
south-carolina,cd03,Cleveland,dem,"95,712"
south-carolina,cd04,Timmons*,gop,"222,126"
south-carolina,cd04,Nelson,dem,"133,023"
south-carolina,cd05,Norman*,gop,"220,006"
south-carolina,cd05,Brown,dem,"145,979"
south-carolina,cd06,Clyburn*,dem,"197,469"
south-carolina,cd06,McCollum,gop,"89,245"
south-carolina,cd07,Rice*,gop,"224,984"
south-carolina,cd07,Watson,dem,"138,857"
south-dakota,cd00,Johnson*,gop,"321,977"
tennessee,cd01,Harshbarger,gop,"227,562"
tennessee,cd01,Walsingham,dem,"68,126"
tennessee,cd02,Burchett*,gop,"238,447"
tennessee,cd02,Hoyos,dem,"109,298"
tennessee,cd03,Fleischmann*,gop,"215,318"
tennessee,cd03,Gorman,dem,"99,510"
tennessee,cd04,DesJarlais*,gop,"223,941"
tennessee,cd04,Hale,dem,"111,885"
tennessee,cd05,Cooper*,dem,0
tennessee,cd06,Rose*,gop,"257,219"
tennessee,cd06,Finley,dem,"83,694"
tennessee,cd07,Green*,gop,"246,375"
tennessee,cd07,Sreepada,dem,"94,372"
tennessee,cd08,Kustoff*,gop,"226,949"
tennessee,cd08,Pearson,dem,"97,561"
tennessee,cd09,Cohen*,dem,"187,258"
tennessee,cd09,Bergmann,gop,"48,688"
texas,cd01,Gohmert*,gop,"218,385"
texas,cd01,Gilbert,dem,"82,359"
texas,cd02,Crenshaw*,gop,"197,300"
texas,cd02,Ladjevardian,dem,"148,727"
texas,cd03,Taylor*,gop,"228,648"
texas,cd03,Seikaly,dem,"177,221"
texas,cd04,Fallon,gop,"255,039"
texas,cd04,Foster,dem,"77,262"
texas,cd05,Gooden*,gop,"173,298"
texas,cd05,Salter,dem,"100,466"
texas,cd06,Wright*,gop,"179,018"
texas,cd06,Daniel,dem,"148,961"
texas,cd07,Fletcher*,dem,"159,019"
texas,cd07,Hunt,gop,"147,802"
texas,cd08,Brady*,gop,"276,960"
texas,cd08,Hernandez,dem,"97,182"
texas,cd09,Green*,dem,"172,060"
texas,cd09,Teague,gop,"49,250"
texas,cd10,McCaul*,gop,"215,896"
texas,cd10,Siegel,dem,"186,350"
texas,cd11,Pfluger,gop,"231,839"
texas,cd11,Hogg,dem,"53,213"
texas,cd12,Granger*,gop,"232,814"
texas,cd12,Welch,dem,"120,617"
texas,cd13,Jackson,gop,"216,523"
texas,cd13,Trujillo,dem,"50,213"
texas,cd14,Weber*,gop,"189,691"
texas,cd14,Bell,dem,"117,862"
texas,cd15,Gonzalez*,dem,"115,073"
texas,cd15,De La Cruz-Hernandez,gop,"108,503"
texas,cd16,Escobar*,dem,"145,766"
texas,cd16,Armendariz-Jackson,gop,"80,762"
texas,cd17,Sessions,gop,"170,974"
texas,cd17,Kennedy,dem,"124,993"
texas,cd18,Jackson Lee*,dem,"180,125"
texas,cd18,Champion,gop,"57,617"
texas,cd19,Arrington*,gop,"197,509"
texas,cd19,Watson,dem,"60,200"
texas,cd20,Castro*,dem,"172,648"
texas,cd20,Garza,gop,"88,171"
texas,cd21,Roy*,gop,"233,766"
texas,cd21,Davis,dem,"203,028"
texas,cd22,Nehls,gop,"209,735"
texas,cd22,Kulkarni,dem,"181,320"
texas,cd23,Gonzales,gop,"147,496"
texas,cd23,Ortiz Jones,dem,"135,415"
texas,cd24,Van Duyne,gop,"167,523"
texas,cd24,Valenzuela,dem,"162,894"
texas,cd25,Williams*,gop,"219,092"
texas,cd25,Oliver,dem,"164,449"
texas,cd26,Burgess*,gop,"261,163"
texas,cd26,Iannuzzi,dem,"160,453"
texas,cd27,Cloud*,gop,"171,738"
texas,cd27,De La Fuente,dem,"95,021"
texas,cd28,Cuellar*,dem,"136,512"
texas,cd28,Whitten,gop,"91,190"
texas,cd29,Garcia*,dem,"110,634"
texas,cd29,Blanco,gop,"42,563"
texas,cd30,E.B. Johnson*,dem,"204,855"
texas,cd30,Pennie,gop,"48,666"
texas,cd31,Carter*,gop,"210,768"
texas,cd31,Imam,dem,"174,394"
texas,cd32,Allred*,dem,"178,346"
texas,cd32,Collins,gop,"157,724"
texas,cd33,Veasey*,dem,"105,018"
texas,cd33,Vasquez,gop,"39,527"
texas,cd34,Vela*,dem,"110,907"
texas,cd34,Gonzalez,gop,"83,848"
texas,cd35,Doggett*,dem,"174,429"
texas,cd35,Sharon,gop,"80,016"
texas,cd36,Babin*,gop,"221,755"
texas,cd36,Lewis,dem,"72,920"
utah,cd01,Moore,gop,"231,423"
utah,cd01,Parry,dem,"101,440"
utah,cd02,Stewart*,gop,"202,946"
utah,cd02,Weston,dem,"125,661"
utah,cd03,Curtis*,gop,"236,901"
utah,cd03,Thorpe,dem,"92,768"
utah,cd04,Owens,gop,"172,753"
utah,cd04,McAdams*,dem,"171,056"
vermont,cd00,Welch*,dem,"238,778"
vermont,cd00,Berry,gop,"95,810"
virginia,cd01,Wittman*,gop,"259,872"
virginia,cd01,Rashid,dem,"185,933"
virginia,cd02,Luria*,dem,"182,750"
virginia,cd02,Taylor,gop,"163,609"
virginia,cd03,Scott*,dem,"227,676"
virginia,cd03,Collick,gop,"105,776"
virginia,cd04,McEachin*,dem,"233,944"
virginia,cd04,Benjamin,gop,"149,173"
virginia,cd05,Good,gop,"210,452"
virginia,cd05,Webb,dem,"189,317"
virginia,cd06,Cline*,gop,"244,914"
virginia,cd06,Betts,dem,"132,999"
virginia,cd07,Spanberger*,dem,"230,498"
virginia,cd07,Freitas,gop,"222,379"
virginia,cd08,Beyer*,dem,"296,496"
virginia,cd08,Jordan,gop,"93,276"
virginia,cd09,Griffith*,gop,0
virginia,cd10,Wexton*,dem,"265,440"
virginia,cd10,Andrews,gop,"204,150"
virginia,cd11,Connolly*,dem,"273,199"
virginia,cd11,Anantatmula,gop,"107,952"
washington,cd01,DelBene*,dem,"248,209"
washington,cd01,Beeler,gop,"174,644"
washington,cd02,Larsen*,dem,"252,290"
washington,cd02,Hazelo,gop,"145,865"
washington,cd03,Herrera Beutler*,gop,"234,053"
washington,cd03,Long,dem,"180,306"
washington,cd04,Newhouse*,gop,"198,147"
washington,cd04,McKinley,dem,"100,116"
washington,cd05,McMorris Rodgers*,gop,"235,368"
washington,cd05,Wilson,dem,"150,522"
washington,cd06,Kilmer*,dem,"245,124"
washington,cd06,Kreiselmaier,gop,"166,559"
washington,cd07,Jayapal*,dem,"386,171"
washington,cd07,Keller,gop,"77,866"
washington,cd08,Schrier*,dem,"211,551"
washington,cd08,Jensen,gop,"196,810"
washington,cd09,Smith*,dem,"258,094"
washington,cd09,Basler,gop,"89,267"
washington,cd10,Strickland,dem,"165,510"
washington,cd10,Doglio,dem,"119,247"
west-virginia,cd01,McKinley*,gop,"178,925"
west-virginia,cd01,Cline,dem,"80,195"
west-virginia,cd02,Mooney*,gop,"169,506"
west-virginia,cd02,Kunkel,dem,"98,990"
west-virginia,cd03,Miller*,gop,"160,292"
west-virginia,cd03,Turner,dem,"64,170"
wisconsin,cd01,Steil*,gop,"238,257"
wisconsin,cd01,Polack,dem,"163,154"
wisconsin,cd02,Pocan*,dem,"318,487"
wisconsin,cd02,Theron,gop,"138,293"
wisconsin,cd03,Kind*,dem,"199,798"
wisconsin,cd03,Van Orden,gop,"188,825"
wisconsin,cd04,Moore*,dem,"232,654"
wisconsin,cd04,Rogers,gop,"70,768"
wisconsin,cd05,Fitzgerald,gop,"265,417"
wisconsin,cd05,Palzewicz,dem,"175,872"
wisconsin,cd06,Grothman*,gop,"238,858"
wisconsin,cd06,King,dem,"164,216"
wisconsin,cd07,Tiffany*,gop,"252,004"
wisconsin,cd07,Zunker,dem,"162,729"
wisconsin,cd08,Gallagher*,gop,"267,862"
wisconsin,cd08,Stuck,dem,"150,824"
wyoming,cd00,Cheney*,gop,"185,602"
wyoming,cd00,Grey Bull,dem,"66,539"
